{"cameraMode":{"drawMode":0,"name":"Shaded","section":"Shading Mode"},"sceneLighting":true,"audioPlay":false,"sceneViewState":{"showFog":true,"showMaterialUpdate":true,"showSkybox":true,"showFlares":true,"showImageEffects":true,"showParticleSystems":true},"in2DMode":false,"pivot":{"x":70.94467163085938,"y":92.53804779052735,"z":-104.63712310791016},"rotation":{"x":0.020182548090815545,"y":0.4656432569026947,"z":-0.010623554699122906,"w":0.8846868276596069},"size":116.46498107910156,"orthographic":false}