{"cameraMode":{"drawMode":0,"name":"Shaded","section":"Shading Mode"},"sceneLighting":true,"audioPlay":false,"sceneViewState":{"showFog":true,"showMaterialUpdate":true,"showSkybox":true,"showFlares":true,"showImageEffects":true,"showParticleSystems":true},"in2DMode":false,"pivot":{"x":399.06365966796877,"y":50.435089111328128,"z":-14.55535888671875},"rotation":{"x":0.03330288827419281,"y":-0.007184999994933605,"z":0.00024117217981256545,"w":0.9994328618049622},"size":187.964111328125,"orthographic":false}