{"cameraMode":{"drawMode":0,"name":"Shaded","section":"Shading Mode"},"sceneLighting":true,"audioPlay":false,"sceneViewState":{"showFog":true,"showMaterialUpdate":true,"showSkybox":true,"showFlares":true,"showImageEffects":true,"showParticleSystems":true},"in2DMode":false,"pivot":{"x":-9.619146347045899,"y":6.931143283843994,"z":-39.0361328125},"rotation":{"x":0.19857299327850343,"y":-0.0919458344578743,"z":0.01867462322115898,"w":0.9755956530570984},"size":12.798356056213379,"orthographic":false}