{"cameraMode":{"drawMode":0,"name":"Shaded","section":"Shading Mode"},"sceneLighting":true,"audioPlay":false,"sceneViewState":{"showFog":true,"showMaterialUpdate":true,"showSkybox":true,"showFlares":true,"showImageEffects":true,"showParticleSystems":true},"in2DMode":false,"pivot":{"x":5.037421226501465,"y":-15.245384216308594,"z":1.36199951171875},"rotation":{"x":-0.2703589200973511,"y":0.08276413381099701,"z":-0.023334816098213197,"w":-0.9589126706123352},"size":63.75914764404297,"orthographic":false}