{"cameraMode":{"drawMode":0,"name":"Shaded","section":"Shading Mode"},"sceneLighting":true,"audioPlay":false,"sceneViewState":{"showFog":true,"showMaterialUpdate":true,"showSkybox":true,"showFlares":true,"showImageEffects":true,"showParticleSystems":true},"in2DMode":false,"pivot":{"x":4.627008438110352,"y":-6.734106540679932,"z":24.686447143554689},"rotation":{"x":-0.11146435141563416,"y":-0.1390550136566162,"z":0.015753814950585367,"w":-0.9838771820068359},"size":37.741634368896487,"orthographic":false}