{"cameraMode":{"drawMode":0,"name":"Shaded","section":"Shading Mode"},"sceneLighting":true,"audioPlay":false,"sceneViewState":{"showFog":true,"showMaterialUpdate":true,"showSkybox":true,"showFlares":true,"showImageEffects":true,"showParticleSystems":true},"in2DMode":false,"pivot":{"x":-7.048532009124756,"y":0.883934497833252,"z":-24.122493743896486},"rotation":{"x":0.20115062594413758,"y":0.0035908431746065618,"z":-0.0003204344538971782,"w":0.9797126650810242},"size":9.537914276123047,"orthographic":false}