{"cameraMode":{"drawMode":0,"name":"Shaded","section":"Shading Mode"},"sceneLighting":false,"audioPlay":false,"sceneViewState":{"showFog":true,"showMaterialUpdate":true,"showSkybox":false,"showFlares":true,"showImageEffects":true,"showParticleSystems":true},"in2DMode":false,"pivot":{"x":-2.6682045459747316,"y":0.9207116365432739,"z":0.8774906396865845},"rotation":{"x":0.13173754513263703,"y":0.7412363886833191,"z":-0.15245378017425538,"w":0.6407846212387085},"size":6.40721321105957,"orthographic":false}