{"cameraMode":{"drawMode":0,"name":"Shaded","section":"Shading Mode"},"sceneLighting":true,"audioPlay":false,"sceneViewState":{"showFog":true,"showMaterialUpdate":true,"showSkybox":true,"showFlares":true,"showImageEffects":true,"showParticleSystems":true},"in2DMode":false,"pivot":{"x":-0.4204082489013672,"y":3.982484817504883,"z":-24.074979782104493},"rotation":{"x":0.2623778283596039,"y":0.13744568824768067,"z":-0.03782258182764053,"w":0.9543911218643189},"size":26.209850311279298,"orthographic":false}