{"cameraMode":{"drawMode":0,"name":"Shaded","section":"Shading Mode"},"sceneLighting":true,"audioPlay":false,"sceneViewState":{"showFog":true,"showMaterialUpdate":true,"showSkybox":true,"showFlares":true,"showImageEffects":true,"showParticleSystems":true},"in2DMode":false,"pivot":{"x":-28.116058349609376,"y":9.613037109375,"z":-20.339561462402345},"rotation":{"x":0.11213914304971695,"y":-0.8898614048957825,"z":0.32699984312057497,"w":0.2992173433303833},"size":26.662078857421876,"orthographic":false}