{"cameraMode":{"drawMode":0,"name":"Shaded","section":"Shading Mode"},"sceneLighting":false,"audioPlay":false,"sceneViewState":{"showFog":true,"showMaterialUpdate":true,"showSkybox":false,"showFlares":true,"showImageEffects":true,"showParticleSystems":true},"in2DMode":false,"pivot":{"x":7.297825336456299,"y":6.5922064781188969,"z":-47.36479187011719},"rotation":{"x":0.0041294218972325329,"y":-0.994540274143219,"z":-0.04328981041908264,"w":-0.09486886113882065},"size":7.44644832611084,"orthographic":false}