{"cameraMode":{"drawMode":0,"name":"Shaded","section":"Shading Mode"},"sceneLighting":true,"audioPlay":false,"sceneViewState":{"showFog":true,"showMaterialUpdate":true,"showSkybox":true,"showFlares":true,"showImageEffects":true,"showParticleSystems":true},"in2DMode":false,"pivot":{"x":-2.964824914932251,"y":-2.555093288421631,"z":-4.023878574371338},"rotation":{"x":-0.07968287914991379,"y":0.3668705224990845,"z":-0.03155897930264473,"w":-0.9263242483139038},"size":6.52199125289917,"orthographic":false}