{"cameraMode":{"drawMode":0,"name":"Shaded","section":"Shading Mode"},"sceneLighting":true,"audioPlay":false,"sceneViewState":{"showFog":true,"showMaterialUpdate":true,"showSkybox":true,"showFlares":true,"showImageEffects":true,"showParticleSystems":true},"in2DMode":false,"pivot":{"x":7.85986328125,"y":3.1074609756469728,"z":-28.311767578125},"rotation":{"x":-0.19134686887264253,"y":-0.2514733076095581,"z":0.05084715783596039,"w":-0.94745272397995},"size":3.200681686401367,"orthographic":true}