{"cameraMode":{"drawMode":0,"name":"Shaded","section":"Shading Mode"},"sceneLighting":false,"audioPlay":false,"sceneViewState":{"showFog":true,"showMaterialUpdate":true,"showSkybox":false,"showFlares":true,"showImageEffects":true,"showParticleSystems":true},"in2DMode":false,"pivot":{"x":8.100000381469727,"y":5.079999923706055,"z":-43.95000076293945},"rotation":{"x":0.06908341497182846,"y":0.8611010909080505,"z":-0.12169654667377472,"w":0.48880735039711},"size":4.744695663452148,"orthographic":true}