{"cameraMode":{"drawMode":0,"name":"Shaded","section":"Shading Mode"},"sceneLighting":true,"audioPlay":false,"sceneViewState":{"showFog":true,"showMaterialUpdate":true,"showSkybox":true,"showFlares":true,"showImageEffects":true,"showParticleSystems":true},"in2DMode":false,"pivot":{"x":232.95999145507813,"y":304.37200927734377,"z":0.0},"rotation":{"x":0.03330288827419281,"y":-0.007184999994933605,"z":0.00024117217981256545,"w":0.9994328618049622},"size":150.83200073242188,"orthographic":false}