{"cameraMode":{"drawMode":0,"name":"Shaded","section":"Shading Mode"},"sceneLighting":true,"audioPlay":false,"sceneViewState":{"showFog":true,"showMaterialUpdate":true,"showSkybox":true,"showFlares":true,"showImageEffects":true,"showParticleSystems":true},"in2DMode":false,"pivot":{"x":14.648550033569336,"y":5.050146102905273,"z":-23.08383560180664},"rotation":{"x":-0.1571485549211502,"y":-0.18923594057559968,"z":0.03069646656513214,"w":-0.9687936902046204},"size":33.53437423706055,"orthographic":false}