{"cameraMode":{"drawMode":0,"name":"Shaded","section":"Shading Mode"},"sceneLighting":true,"audioPlay":false,"sceneViewState":{"showFog":true,"showMaterialUpdate":true,"showSkybox":true,"showFlares":true,"showImageEffects":true,"showParticleSystems":true},"in2DMode":false,"pivot":{"x":-0.0498046875,"y":9.427001953125,"z":-36.46728515625},"rotation":{"x":-0.005906935781240463,"y":0.8979146480560303,"z":-0.012139744125306607,"w":-0.44007763266563418},"size":6.572874546051025,"orthographic":true}