{"cameraMode":{"drawMode":0,"name":"Shaded","section":"Shading Mode"},"sceneLighting":false,"audioPlay":false,"sceneViewState":{"showFog":true,"showMaterialUpdate":true,"showSkybox":false,"showFlares":true,"showImageEffects":true,"showParticleSystems":true},"in2DMode":false,"pivot":{"x":8.100000381469727,"y":5.079999923706055,"z":-43.95000076293945},"rotation":{"x":-0.3597920835018158,"y":-0.11102402955293656,"z":0.04316767305135727,"w":-0.9254050254821777},"size":5.472431182861328,"orthographic":false}