{"cameraMode":{"drawMode":0,"name":"Shaded","section":"Shading Mode"},"sceneLighting":false,"audioPlay":false,"sceneViewState":{"showFog":true,"showMaterialUpdate":true,"showSkybox":false,"showFlares":true,"showImageEffects":true,"showParticleSystems":true},"in2DMode":false,"pivot":{"x":-0.35870361328125,"y":1.17608642578125,"z":0.388671875},"rotation":{"x":-0.010774105787277222,"y":0.9888842701911926,"z":-0.09073667973279953,"w":-0.11743775755167008},"size":2.2559144496917726,"orthographic":true}