{"cameraMode":{"drawMode":0,"name":"Shaded","section":"Shading Mode"},"sceneLighting":true,"audioPlay":false,"sceneViewState":{"showFog":true,"showMaterialUpdate":true,"showSkybox":true,"showFlares":true,"showImageEffects":true,"showParticleSystems":true},"in2DMode":false,"pivot":{"x":-1.0113162994384766,"y":2.44209623336792,"z":-48.947715759277347},"rotation":{"x":0.054550398141145709,"y":-0.8918906450271606,"z":0.11189871281385422,"w":0.4348074197769165},"size":19.161645889282228,"orthographic":false}