{"cameraMode":{"drawMode":0,"name":"Shaded","section":"Shading Mode"},"sceneLighting":false,"audioPlay":false,"sceneViewState":{"showFog":true,"showMaterialUpdate":true,"showSkybox":false,"showFlares":true,"showImageEffects":true,"showParticleSystems":true},"in2DMode":false,"pivot":{"x":-0.009015321731567383,"y":1.7090229988098145,"z":0.023769855499267579},"rotation":{"x":0.03585661202669144,"y":-0.9453913569450378,"z":0.10987961292266846,"w":0.30560341477394106},"size":2.673171281814575,"orthographic":false}