{"cameraMode":{"drawMode":0,"name":"Shaded","section":"Shading Mode"},"sceneLighting":true,"audioPlay":false,"sceneViewState":{"showFog":true,"showMaterialUpdate":true,"showSkybox":true,"showFlares":true,"showImageEffects":true,"showParticleSystems":true},"in2DMode":false,"pivot":{"x":9.001246452331543,"y":8.482565879821778,"z":-42.299964904785159},"rotation":{"x":-0.02134125307202339,"y":-0.2735899090766907,"z":-0.0060749356634914879,"w":0.961605966091156},"size":5.520747661590576,"orthographic":false}