{"cameraMode":{"drawMode":0,"name":"Shaded","section":"Shading Mode"},"sceneLighting":true,"audioPlay":false,"sceneViewState":{"showFog":true,"showMaterialUpdate":true,"showSkybox":true,"showFlares":true,"showImageEffects":true,"showParticleSystems":true},"in2DMode":false,"pivot":{"x":2.004560947418213,"y":7.774755477905273,"z":-25.565580368041993},"rotation":{"x":0.08209417015314102,"y":0.19361254572868348,"z":-0.01629893109202385,"w":0.9775102734565735},"size":22.32926368713379,"orthographic":false}