{"cameraMode":{"drawMode":0,"name":"Shaded","section":"Shading Mode"},"sceneLighting":false,"audioPlay":false,"sceneViewState":{"showFog":true,"showMaterialUpdate":true,"showSkybox":false,"showFlares":true,"showImageEffects":true,"showParticleSystems":true},"in2DMode":false,"pivot":{"x":0.0,"y":0.8643995523452759,"z":-0.06551375240087509},"rotation":{"x":-0.11146435141563416,"y":-0.1390550136566162,"z":0.015753814950585367,"w":-0.9838771820068359},"size":4.722253799438477,"orthographic":false}