{"cameraMode":{"drawMode":0,"name":"Shaded","section":"Shading Mode"},"sceneLighting":true,"audioPlay":false,"sceneViewState":{"showFog":true,"showMaterialUpdate":true,"showSkybox":true,"showFlares":true,"showImageEffects":true,"showParticleSystems":true},"in2DMode":false,"pivot":{"x":-0.6268806457519531,"y":11.998268127441407,"z":-53.75981903076172},"rotation":{"x":-0.14432913064956666,"y":-0.28772231936454775,"z":0.04538362845778465,"w":-0.9461302161216736},"size":13.134870529174805,"orthographic":false}