{"cameraMode":{"drawMode":0,"name":"Shaded","section":"Shading Mode"},"sceneLighting":true,"audioPlay":false,"sceneViewState":{"showFog":true,"showMaterialUpdate":true,"showSkybox":true,"showFlares":true,"showImageEffects":true,"showParticleSystems":true},"in2DMode":false,"pivot":{"x":8.758136749267579,"y":4.8658037185668949,"z":-43.35248565673828},"rotation":{"x":-0.023298712447285653,"y":-0.9205904603004456,"z":0.05558791384100914,"w":-0.38585296273231509},"size":5.52074670791626,"orthographic":false}