{"cameraMode":{"drawMode":0,"name":"Shaded","section":"Shading Mode"},"sceneLighting":true,"audioPlay":false,"sceneViewState":{"showFog":true,"showMaterialUpdate":true,"showSkybox":true,"showFlares":true,"showImageEffects":true,"showParticleSystems":true},"in2DMode":false,"pivot":{"x":-6.904778003692627,"y":-7.215270042419434,"z":19.288955688476564},"rotation":{"x":-0.1403559446334839,"y":0.0821744054555893,"z":-0.011688855476677418,"w":-0.9866281151771545},"size":31.94554901123047,"orthographic":false}