{"cameraMode":{"drawMode":0,"name":"Shaded","section":"Shading Mode"},"sceneLighting":true,"audioPlay":false,"sceneViewState":{"showFog":true,"showMaterialUpdate":true,"showSkybox":true,"showFlares":true,"showImageEffects":true,"showParticleSystems":true},"in2DMode":false,"pivot":{"x":-8.418313026428223,"y":4.450687408447266,"z":-29.900306701660158},"rotation":{"x":0.06820516288280487,"y":0.23763902485370637,"z":-0.016769971698522569,"w":0.9688240885734558},"size":4.894542217254639,"orthographic":false}