{"cameraMode":{"drawMode":0,"name":"Shaded","section":"Shading Mode"},"sceneLighting":false,"audioPlay":false,"sceneViewState":{"showFog":true,"showMaterialUpdate":true,"showSkybox":false,"showFlares":true,"showImageEffects":true,"showParticleSystems":true},"in2DMode":false,"pivot":{"x":9.11807918548584,"y":6.200711727142334,"z":-44.208396911621097},"rotation":{"x":-0.04621357470750809,"y":-0.7118887901306152,"z":-0.0470530167222023,"w":0.6991887092590332},"size":2.45650315284729,"orthographic":false}