{"cameraMode":{"drawMode":0,"name":"Shaded","section":"Shading Mode"},"sceneLighting":false,"audioPlay":false,"sceneViewState":{"showFog":true,"showMaterialUpdate":true,"showSkybox":false,"showFlares":true,"showImageEffects":true,"showParticleSystems":true},"in2DMode":false,"pivot":{"x":7.983601093292236,"y":5.339856147766113,"z":-43.07365036010742},"rotation":{"x":-0.19635456800460816,"y":-0.08021135628223419,"z":0.016108332201838495,"w":-0.977124810218811},"size":2.0920774936676027,"orthographic":false}