{"cameraMode":{"drawMode":0,"name":"Shaded","section":"Shading Mode"},"sceneLighting":false,"audioPlay":false,"sceneViewState":{"showFog":true,"showMaterialUpdate":true,"showSkybox":false,"showFlares":true,"showImageEffects":true,"showParticleSystems":true},"in2DMode":false,"pivot":{"x":-1.1920928955078126e-7,"y":0.8643996119499207,"z":-0.0655137300491333},"rotation":{"x":-0.0011724575888365508,"y":-0.9936909675598145,"z":-0.010434145107865334,"w":0.11165867000818253},"size":4.7222514152526859,"orthographic":false}