{"cameraMode":{"drawMode":0,"name":"Shaded","section":"Shading Mode"},"sceneLighting":false,"audioPlay":false,"sceneViewState":{"showFog":true,"showMaterialUpdate":true,"showSkybox":false,"showFlares":true,"showImageEffects":true,"showParticleSystems":true},"in2DMode":false,"pivot":{"x":7.995140075683594,"y":5.0742340087890629,"z":-43.63330078125},"rotation":{"x":0.7994397282600403,"y":0.004505436401814222,"z":-0.00599577184766531,"w":0.6007012724876404},"size":3.9786009788513185,"orthographic":true}