{"cameraMode":{"drawMode":0,"name":"Shaded","section":"Shading Mode"},"sceneLighting":true,"audioPlay":false,"sceneViewState":{"showFog":true,"showMaterialUpdate":true,"showSkybox":true,"showFlares":true,"showImageEffects":true,"showParticleSystems":true},"in2DMode":false,"pivot":{"x":-2.607084274291992,"y":-4.3514909744262699,"z":-4.8784918785095219},"rotation":{"x":-0.26516640186309817,"y":0.05405396968126297,"z":-0.014890661463141442,"w":-0.9625717401504517},"size":7.363234043121338,"orthographic":false}