{"cameraMode":{"drawMode":0,"name":"Shaded","section":"Shading Mode"},"sceneLighting":false,"audioPlay":false,"sceneViewState":{"showFog":true,"showMaterialUpdate":true,"showSkybox":false,"showFlares":true,"showImageEffects":true,"showParticleSystems":true},"in2DMode":false,"pivot":{"x":8.100000381469727,"y":5.079999923706055,"z":-43.95000076293945},"rotation":{"x":-0.3592691421508789,"y":0.03833745792508125,"z":-0.014773220755159855,"w":-0.9323299527168274},"size":5.472431182861328,"orthographic":false}