{"cameraMode":{"drawMode":0,"name":"Shaded","section":"Shading Mode"},"sceneLighting":true,"audioPlay":false,"sceneViewState":{"showFog":true,"showMaterialUpdate":true,"showSkybox":true,"showFlares":true,"showImageEffects":true,"showParticleSystems":true},"in2DMode":false,"pivot":{"x":5.501312255859375,"y":4.3076171875,"z":-27.8670654296875},"rotation":{"x":-0.1756032407283783,"y":0.0722774788737297,"z":-0.01292708981782198,"w":-0.981721043586731},"size":4.745850563049316,"orthographic":true}