{"cameraMode":{"drawMode":0,"name":"Shaded","section":"Shading Mode"},"sceneLighting":true,"audioPlay":false,"sceneViewState":{"showFog":true,"showMaterialUpdate":true,"showSkybox":true,"showFlares":true,"showImageEffects":true,"showParticleSystems":true},"in2DMode":false,"pivot":{"x":6.108982086181641,"y":-0.7596735954284668,"z":-45.506591796875},"rotation":{"x":0.01770639792084694,"y":-0.9814020991325378,"z":0.15466417372226716,"w":0.11234306544065476},"size":16.908809661865236,"orthographic":false}