{"cameraMode":{"drawMode":0,"name":"Shaded","section":"Shading Mode"},"sceneLighting":true,"audioPlay":false,"sceneViewState":{"showFog":true,"showMaterialUpdate":true,"showSkybox":true,"showFlares":true,"showImageEffects":true,"showParticleSystems":true},"in2DMode":false,"pivot":{"x":-8.644437789916993,"y":8.52204418182373,"z":-18.897192001342775},"rotation":{"x":-0.10193387418985367,"y":-0.06203760579228401,"z":0.006369256880134344,"w":-0.9928449988365173},"size":14.802980422973633,"orthographic":false}