{"cameraMode":{"drawMode":0,"name":"Shaded","section":"Shading Mode"},"sceneLighting":true,"audioPlay":false,"sceneViewState":{"showFog":true,"showMaterialUpdate":true,"showSkybox":true,"showFlares":true,"showImageEffects":true,"showParticleSystems":true},"in2DMode":false,"pivot":{"x":123.83307647705078,"y":391.4461975097656,"z":1.470123291015625},"rotation":{"x":0.07153366506099701,"y":0.05144178867340088,"z":0.0036943191662430765,"w":-0.99610435962677},"size":364.6253356933594,"orthographic":false}