{"cameraMode":{"drawMode":0,"name":"Shaded","section":"Shading Mode"},"sceneLighting":false,"audioPlay":false,"sceneViewState":{"showFog":true,"showMaterialUpdate":true,"showSkybox":false,"showFlares":true,"showImageEffects":true,"showParticleSystems":true},"in2DMode":false,"pivot":{"x":8.100000381469727,"y":5.079999923706055,"z":-43.95000076293945},"rotation":{"x":-0.3087109625339508,"y":0.3524846136569977,"z":-0.12441684305667877,"w":-0.8746384978294373},"size":8.365530967712403,"orthographic":false}