{"cameraMode":{"drawMode":0,"name":"Shaded","section":"Shading Mode"},"sceneLighting":true,"audioPlay":false,"sceneViewState":{"showFog":true,"showMaterialUpdate":true,"showSkybox":true,"showFlares":true,"showImageEffects":true,"showParticleSystems":true},"in2DMode":false,"pivot":{"x":10.014718055725098,"y":6.817558288574219,"z":-37.6369743347168},"rotation":{"x":0.014592212624847889,"y":0.16180850565433503,"z":-0.0024309048894792797,"w":0.9867222905158997},"size":1.6813600063323975,"orthographic":false}