{"cameraMode":{"drawMode":0,"name":"Shaded","section":"Shading Mode"},"sceneLighting":false,"audioPlay":false,"sceneViewState":{"showFog":true,"showMaterialUpdate":true,"showSkybox":false,"showFlares":true,"showImageEffects":true,"showParticleSystems":true},"in2DMode":false,"pivot":{"x":4.0275044441223148,"y":4.141238212585449,"z":-43.42960739135742},"rotation":{"x":-0.19691115617752076,"y":0.625372052192688,"z":-0.16723984479904176,"w":-0.7363243699073792},"size":5.472431182861328,"orthographic":false}