{"cameraMode":{"drawMode":0,"name":"Shaded","section":"Shading Mode"},"sceneLighting":true,"audioPlay":false,"sceneViewState":{"showFog":true,"showMaterialUpdate":true,"showSkybox":true,"showFlares":true,"showImageEffects":true,"showParticleSystems":true},"in2DMode":false,"pivot":{"x":32.32201385498047,"y":12.49846076965332,"z":-43.029991149902347},"rotation":{"x":-0.04183122143149376,"y":0.7280740141868591,"z":0.04460714012384415,"w":0.6827754378318787},"size":32.10662841796875,"orthographic":false}