{"cameraMode":{"drawMode":0,"name":"Shaded","section":"Shading Mode"},"sceneLighting":true,"audioPlay":false,"sceneViewState":{"showFog":true,"showMaterialUpdate":true,"showSkybox":true,"showFlares":true,"showImageEffects":true,"showParticleSystems":true},"in2DMode":false,"pivot":{"x":5.266357421875,"y":12.48193359375,"z":-50.80078125},"rotation":{"x":0.24583804607391358,"y":-0.01017721276730299,"z":0.002581411972641945,"w":0.9692545533180237},"size":8.391371726989746,"orthographic":true}