{"cameraMode":{"drawMode":0,"name":"Shaded","section":"Shading Mode"},"sceneLighting":true,"audioPlay":false,"sceneViewState":{"showFog":true,"showMaterialUpdate":true,"showSkybox":true,"showFlares":true,"showImageEffects":true,"showParticleSystems":true},"in2DMode":false,"pivot":{"x":2.383683919906616,"y":5.305379867553711,"z":-15.171085357666016},"rotation":{"x":-0.1316361278295517,"y":-0.00001698836604191456,"z":-0.00005703404895029962,"w":-0.991439700126648},"size":34.18578338623047,"orthographic":false}