{"cameraMode":{"drawMode":0,"name":"Shaded","section":"Shading Mode"},"sceneLighting":false,"audioPlay":false,"sceneViewState":{"showFog":true,"showMaterialUpdate":true,"showSkybox":false,"showFlares":true,"showImageEffects":true,"showParticleSystems":true},"in2DMode":false,"pivot":{"x":8.142578125,"y":5.9478759765625,"z":-43.642356872558597},"rotation":{"x":0.031648341566324237,"y":-0.9023449420928955,"z":0.06725641340017319,"w":0.4245817959308624},"size":7.337636470794678,"orthographic":true}