{"cameraMode":{"drawMode":0,"name":"Shaded","section":"Shading Mode"},"sceneLighting":false,"audioPlay":false,"sceneViewState":{"showFog":true,"showMaterialUpdate":true,"showSkybox":false,"showFlares":true,"showImageEffects":true,"showParticleSystems":true},"in2DMode":false,"pivot":{"x":8.100000381469727,"y":6.076000213623047,"z":-45.089996337890628},"rotation":{"x":0.031648341566324237,"y":-0.9023449420928955,"z":0.06725641340017319,"w":0.4245817959308624},"size":0.02732718549668789,"orthographic":true}