{"cameraMode":{"drawMode":0,"name":"Shaded","section":"Shading Mode"},"sceneLighting":true,"audioPlay":false,"sceneViewState":{"showFog":true,"showMaterialUpdate":true,"showSkybox":true,"showFlares":true,"showImageEffects":true,"showParticleSystems":true},"in2DMode":false,"pivot":{"x":2.9472503662109377,"y":3.1674933433532717,"z":-38.80642318725586},"rotation":{"x":0.13965730369091035,"y":-0.41878122091293337,"z":0.06535419821739197,"w":0.8949047327041626},"size":13.564316749572754,"orthographic":false}