{"cameraMode":{"drawMode":0,"name":"Shaded","section":"Shading Mode"},"sceneLighting":true,"audioPlay":false,"sceneViewState":{"showFog":true,"showMaterialUpdate":true,"showSkybox":true,"showFlares":true,"showImageEffects":true,"showParticleSystems":true},"in2DMode":false,"pivot":{"x":1.3135100603103638,"y":3.1797478199005129,"z":5.73066520690918},"rotation":{"x":0.1149316281080246,"y":0.5333371758460999,"z":-0.07342598587274552,"w":0.8348443508148193},"size":8.655027389526368,"orthographic":false}