{"cameraMode":{"drawMode":0,"name":"Shaded","section":"Shading Mode"},"sceneLighting":false,"audioPlay":false,"sceneViewState":{"showFog":true,"showMaterialUpdate":false,"showSkybox":false,"showFlares":true,"showImageEffects":true,"showParticleSystems":true},"in2DMode":false,"pivot":{"x":8.100000381469727,"y":5.006421089172363,"z":-44.2599983215332},"rotation":{"x":0.0042772856540977959,"y":0.7013489007949829,"z":-0.004205026663839817,"w":0.7128018140792847},"size":6.79331111907959,"orthographic":true}