{"cameraMode":{"drawMode":0,"name":"Shaded","section":"Shading Mode"},"sceneLighting":true,"audioPlay":false,"sceneViewState":{"showFog":true,"showMaterialUpdate":false,"showSkybox":true,"showFlares":true,"showImageEffects":true,"showParticleSystems":true},"in2DMode":false,"pivot":{"x":7.115000247955322,"y":9.16856861114502,"z":-30.40984535217285},"rotation":{"x":0.022533968091011049,"y":0.8315987586975098,"z":-0.034016143530607226,"w":0.5540050268173218},"size":1.3094098567962647,"orthographic":true}