{"cameraMode":{"drawMode":0,"name":"Shaded","section":"Shading Mode"},"sceneLighting":true,"audioPlay":false,"sceneViewState":{"showFog":true,"showMaterialUpdate":false,"showSkybox":true,"showFlares":true,"showImageEffects":true,"showParticleSystems":true},"in2DMode":false,"pivot":{"x":-11.411815643310547,"y":3.0,"z":0.23352432250976563},"rotation":{"x":0.11894332617521286,"y":0.8778311610221863,"z":-0.28545570373535159,"w":0.36576828360557558},"size":15.353070259094239,"orthographic":true}