{"cameraMode":{"drawMode":0,"name":"Shaded","section":"Shading Mode"},"sceneLighting":true,"audioPlay":false,"sceneViewState":{"showFog":true,"showMaterialUpdate":false,"showSkybox":true,"showFlares":true,"showImageEffects":true,"showParticleSystems":true},"in2DMode":false,"pivot":{"x":7.076261043548584,"y":0.07725109159946442,"z":-1.1442159414291382},"rotation":{"x":-0.036456070840358737,"y":-0.5077664852142334,"z":0.021455174311995508,"w":-0.8605161905288696},"size":129.67950439453126,"orthographic":false}