{"cameraMode":{"drawMode":0,"name":"Shaded","section":"Shading Mode"},"sceneLighting":true,"audioPlay":false,"sceneViewState":{"showFog":true,"showMaterialUpdate":false,"showSkybox":true,"showFlares":true,"showImageEffects":true,"showParticleSystems":true},"in2DMode":false,"pivot":{"x":2.670623779296875,"y":8.37255859375,"z":-14.314453125},"rotation":{"x":-0.27807897329330447,"y":-0.14822299778461457,"z":0.0434747040271759,"w":-0.9480628371238709},"size":5.965540885925293,"orthographic":true}