{"cameraMode":{"drawMode":0,"name":"Shaded","section":"Shading Mode"},"sceneLighting":true,"audioPlay":false,"sceneViewState":{"showFog":true,"showMaterialUpdate":false,"showSkybox":true,"showFlares":true,"showImageEffects":true,"showParticleSystems":true},"in2DMode":false,"pivot":{"x":-140.82449340820313,"y":-90.86560821533203,"z":-19.046764373779298},"rotation":{"x":-0.2531757950782776,"y":0.6186222434043884,"z":-0.22041897475719453,"w":-0.7104397416114807},"size":8.346710205078125,"orthographic":false}