{"cameraMode":{"drawMode":0,"name":"Shaded","section":"Shading Mode"},"sceneLighting":false,"audioPlay":false,"sceneViewState":{"showFog":true,"showMaterialUpdate":false,"showSkybox":false,"showFlares":true,"showImageEffects":true,"showParticleSystems":true},"in2DMode":false,"pivot":{"x":0.391815185546875,"y":2.1570041179656984,"z":13.518474578857422},"rotation":{"x":0.255636990070343,"y":0.21754424273967744,"z":-0.05915449559688568,"w":0.9401198625564575},"size":2.5788369178771974,"orthographic":false}