{"cameraMode":{"drawMode":0,"name":"Shaded","section":"Shading Mode"},"sceneLighting":false,"audioPlay":false,"sceneViewState":{"showFog":true,"showMaterialUpdate":false,"showSkybox":false,"showFlares":true,"showImageEffects":true,"showParticleSystems":true},"in2DMode":false,"pivot":{"x":5.816305160522461,"y":0.8766921758651733,"z":9.981888771057129},"rotation":{"x":0.0009963397169485689,"y":0.994199812412262,"z":-0.10718744993209839,"w":0.009241885505616665},"size":36.59156799316406,"orthographic":true}