{"cameraMode":{"drawMode":0,"name":"Shaded","section":"Shading Mode"},"sceneLighting":true,"audioPlay":false,"sceneViewState":{"showFog":true,"showMaterialUpdate":false,"showSkybox":true,"showFlares":true,"showImageEffects":true,"showParticleSystems":true},"in2DMode":false,"pivot":{"x":11.58974838256836,"y":2.981201171875,"z":-27.5556640625},"rotation":{"x":-0.08120653033256531,"y":0.018534662202000619,"z":-0.001510404166765511,"w":-0.9965261220932007},"size":8.2055025100708,"orthographic":true}