{"cameraMode":{"drawMode":0,"name":"Shaded","section":"Shading Mode"},"sceneLighting":true,"audioPlay":false,"sceneViewState":{"showFog":true,"showMaterialUpdate":false,"showSkybox":true,"showFlares":true,"showImageEffects":true,"showParticleSystems":true},"in2DMode":false,"pivot":{"x":-33.05999755859375,"y":18.449480056762697,"z":591.2630004882813},"rotation":{"x":0.15068790316581727,"y":0.14798380434513093,"z":-0.022841408848762513,"w":0.9772199988365173},"size":2334.178466796875,"orthographic":false}