{"cameraMode":{"drawMode":0,"name":"Shaded","section":"Shading Mode"},"sceneLighting":false,"audioPlay":false,"sceneViewState":{"showFog":true,"showMaterialUpdate":false,"showSkybox":false,"showFlares":true,"showImageEffects":true,"showParticleSystems":true},"in2DMode":false,"pivot":{"x":8.1435546875,"y":5.17388916015625,"z":-43.98371887207031},"rotation":{"x":-0.015702396631240846,"y":0.7159876823425293,"z":-0.01611234061419964,"w":-0.6977511048316956},"size":3.9519197940826418,"orthographic":true}