{"cameraMode":{"drawMode":0,"name":"Shaded","section":"Shading Mode"},"sceneLighting":true,"audioPlay":false,"sceneViewState":{"showFog":true,"showMaterialUpdate":false,"showSkybox":true,"showFlares":true,"showImageEffects":true,"showParticleSystems":true},"in2DMode":false,"pivot":{"x":9.365184783935547,"y":1.1414246559143067,"z":-20.57610321044922},"rotation":{"x":-0.06606952100992203,"y":0.9332231283187866,"z":-0.26765015721321108,"w":-0.2304658591747284},"size":9.906436920166016,"orthographic":true}