{"cameraMode":{"drawMode":0,"name":"Shaded","section":"Shading Mode"},"sceneLighting":false,"audioPlay":false,"sceneViewState":{"showFog":true,"showMaterialUpdate":false,"showSkybox":false,"showFlares":true,"showImageEffects":true,"showParticleSystems":true},"in2DMode":false,"pivot":{"x":-1.0350764989852906,"y":1.0297728776931763,"z":0.27493834495544436},"rotation":{"x":-0.03529483452439308,"y":-0.9622423648834229,"z":0.22266313433647157,"w":-0.15252670645713807},"size":2.6223888397216799,"orthographic":false}