{"cameraMode":{"drawMode":0,"name":"Shaded","section":"Shading Mode"},"sceneLighting":true,"audioPlay":false,"sceneViewState":{"showFog":true,"showMaterialUpdate":false,"showSkybox":true,"showFlares":true,"showImageEffects":true,"showParticleSystems":true},"in2DMode":false,"pivot":{"x":30.384607315063478,"y":-11.125419616699219,"z":-16.921424865722658},"rotation":{"x":0.14516769349575044,"y":-0.678979754447937,"z":0.7059902548789978,"w":0.13961364328861237},"size":68.79036712646485,"orthographic":false}