{"cameraMode":{"drawMode":0,"name":"Shaded","section":"Shading Mode"},"sceneLighting":true,"audioPlay":false,"sceneViewState":{"showFog":false,"showMaterialUpdate":false,"showSkybox":false,"showFlares":false,"showImageEffects":false,"showParticleSystems":false},"in2DMode":false,"pivot":{"x":-7.58265495300293,"y":9.092137336730957,"z":-56.933128356933597},"rotation":{"x":-0.1132231280207634,"y":-0.24223531782627107,"z":0.028498366475105287,"w":-0.963330864906311},"size":3.1153371334075929,"orthographic":false}