{"cameraMode":{"drawMode":0,"name":"Shaded","section":"Shading Mode"},"sceneLighting":false,"audioPlay":false,"sceneViewState":{"showFog":true,"showMaterialUpdate":false,"showSkybox":false,"showFlares":true,"showImageEffects":true,"showParticleSystems":true},"in2DMode":false,"pivot":{"x":0.6750301718711853,"y":0.5933778285980225,"z":0.48395299911499026},"rotation":{"x":0.21415923535823823,"y":0.11979983001947403,"z":-0.02647518552839756,"w":0.9690638184547424},"size":2.993178606033325,"orthographic":false}