{"cameraMode":{"drawMode":0,"name":"Shaded","section":"Shading Mode"},"sceneLighting":true,"audioPlay":false,"sceneViewState":{"showFog":false,"showMaterialUpdate":false,"showSkybox":false,"showFlares":false,"showImageEffects":false,"showParticleSystems":false},"in2DMode":false,"pivot":{"x":-16.06485366821289,"y":16.817907333374025,"z":-45.54030227661133},"rotation":{"x":-0.1372392475605011,"y":-0.21432027220726014,"z":0.030317243188619615,"w":-0.966703474521637},"size":5.77387809753418,"orthographic":false}