{"cameraMode":{"drawMode":0,"name":"Shaded","section":"Shading Mode"},"sceneLighting":false,"audioPlay":false,"sceneViewState":{"showFog":false,"showMaterialUpdate":false,"showSkybox":false,"showFlares":false,"showImageEffects":false,"showParticleSystems":false},"in2DMode":false,"pivot":{"x":-0.001306980848312378,"y":0.0,"z":0.00011682510375976563},"rotation":{"x":0.01463228091597557,"y":-0.9848411679267883,"z":0.13529899716377259,"w":0.10834367573261261},"size":1.0319162607192994,"orthographic":false}