{"cameraMode":{"drawMode":0,"name":"Shaded","section":"Shading Mode"},"sceneLighting":false,"audioPlay":false,"sceneViewState":{"showFog":false,"showMaterialUpdate":false,"showSkybox":false,"showFlares":false,"showImageEffects":false,"showParticleSystems":false},"in2DMode":false,"pivot":{"x":8.30809497833252,"y":6.043453693389893,"z":-43.6369514465332},"rotation":{"x":-0.07074357569217682,"y":0.6571264863014221,"z":-0.06245642900466919,"w":-0.7479787468910217},"size":0.6156152486801148,"orthographic":false}