{"cameraMode":{"drawMode":0,"name":"Shaded","section":"Shading Mode"},"sceneLighting":true,"audioPlay":false,"sceneViewState":{"showFog":false,"showMaterialUpdate":false,"showSkybox":false,"showFlares":false,"showImageEffects":false,"showParticleSystems":false},"in2DMode":false,"pivot":{"x":-10.79237174987793,"y":-0.5992100834846497,"z":9.070228576660157},"rotation":{"x":0.00019889726536348462,"y":0.9996953010559082,"z":-0.000005083688847662415,"w":-0.027625340968370439},"size":3.0848655700683595,"orthographic":false}