{"cameraMode":{"drawMode":0,"name":"Shaded","section":"Shading Mode"},"sceneLighting":false,"audioPlay":false,"sceneViewState":{"showFog":false,"showMaterialUpdate":false,"showSkybox":false,"showFlares":false,"showImageEffects":false,"showParticleSystems":false},"in2DMode":false,"pivot":{"x":8.981395721435547,"y":6.059319972991943,"z":-43.628536224365237},"rotation":{"x":-0.17108766734600068,"y":0.5326887369155884,"z":-0.11124829947948456,"w":-0.8214547038078308},"size":0.5843847990036011,"orthographic":false}