{"cameraMode":{"drawMode":0,"name":"Shaded","section":"Shading Mode"},"sceneLighting":true,"audioPlay":false,"sceneViewState":{"showFog":true,"showMaterialUpdate":false,"showSkybox":true,"showFlares":true,"showImageEffects":true,"showParticleSystems":true},"in2DMode":false,"pivot":{"x":1.1000001430511475,"y":2.7360000610351564,"z":-25.20400047302246},"rotation":{"x":0.14501285552978517,"y":0.7777856588363648,"z":-0.19422343373298646,"w":0.5800201892852783},"size":6.539575099945068,"orthographic":false}