{"cameraMode":{"drawMode":0,"name":"Shaded","section":"Shading Mode"},"sceneLighting":false,"audioPlay":false,"sceneViewState":{"showFog":true,"showMaterialUpdate":false,"showSkybox":false,"showFlares":true,"showImageEffects":true,"showParticleSystems":true},"in2DMode":false,"pivot":{"x":5.841308116912842,"y":0.8766921758651733,"z":9.981890678405762},"rotation":{"x":0.12048259377479553,"y":0.04465695470571518,"z":-0.00542477797716856,"w":0.9917010068893433},"size":11.861458778381348,"orthographic":true}