{"cameraMode":{"drawMode":0,"name":"Shaded","section":"Shading Mode"},"sceneLighting":false,"audioPlay":false,"sceneViewState":{"showFog":true,"showMaterialUpdate":false,"showSkybox":false,"showFlares":true,"showImageEffects":true,"showParticleSystems":true},"in2DMode":false,"pivot":{"x":8.100000381469727,"y":4.940671443939209,"z":-44.26983642578125},"rotation":{"x":0.0010407331865280867,"y":0.9221448302268982,"z":0.0024808754678815605,"w":-0.3868356943130493},"size":6.590651035308838,"orthographic":false}