{"cameraMode":{"drawMode":0,"name":"Shaded","section":"Shading Mode"},"sceneLighting":true,"audioPlay":false,"sceneViewState":{"showFog":true,"showMaterialUpdate":false,"showSkybox":true,"showFlares":true,"showImageEffects":true,"showParticleSystems":true},"in2DMode":false,"pivot":{"x":-9.621631622314454,"y":18.36358642578125,"z":-59.75860595703125},"rotation":{"x":-0.14612098038196565,"y":-0.45364853739738467,"z":0.07568307965993881,"w":-0.8758561611175537},"size":15.938458442687989,"orthographic":false}