{"cameraMode":{"drawMode":0,"name":"Shaded","section":"Shading Mode"},"sceneLighting":true,"audioPlay":false,"sceneViewState":{"showFog":true,"showMaterialUpdate":false,"showSkybox":true,"showFlares":true,"showImageEffects":true,"showParticleSystems":true},"in2DMode":false,"pivot":{"x":-3.700387954711914,"y":9.39156723022461,"z":-23.610496520996095},"rotation":{"x":0.034517642110586169,"y":0.6148900389671326,"z":-0.026955319568514825,"w":0.7873963117599487},"size":6.963457107543945,"orthographic":false}