{"cameraMode":{"drawMode":0,"name":"Shaded","section":"Shading Mode"},"sceneLighting":false,"audioPlay":false,"sceneViewState":{"showFog":true,"showMaterialUpdate":false,"showSkybox":false,"showFlares":true,"showImageEffects":true,"showParticleSystems":true},"in2DMode":false,"pivot":{"x":8.100000381469727,"y":5.012421131134033,"z":-43.95000076293945},"rotation":{"x":0.010883918963372708,"y":-0.975925624370575,"z":0.21199160814285279,"w":0.05010548606514931},"size":6.390554904937744,"orthographic":false}