{"cameraMode":{"drawMode":0,"name":"Shaded","section":"Shading Mode"},"sceneLighting":true,"audioPlay":false,"sceneViewState":{"showFog":true,"showMaterialUpdate":false,"showSkybox":true,"showFlares":true,"showImageEffects":true,"showParticleSystems":true},"in2DMode":false,"pivot":{"x":-4.696929931640625,"y":9.843957901000977,"z":-58.868865966796878},"rotation":{"x":-0.23209019005298615,"y":0.13027630746364594,"z":-0.03138405457139015,"w":-0.9634209275245667},"size":12.660858154296875,"orthographic":false}