{"cameraMode":{"drawMode":0,"name":"Shaded","section":"Shading Mode"},"sceneLighting":false,"audioPlay":false,"sceneViewState":{"showFog":true,"showMaterialUpdate":false,"showSkybox":false,"showFlares":true,"showImageEffects":true,"showParticleSystems":true},"in2DMode":false,"pivot":{"x":6.574546813964844,"y":2.225816488265991,"z":-45.719207763671878},"rotation":{"x":0.13428102433681489,"y":-0.8475162386894226,"z":0.4454334080219269,"w":0.25549226999282839},"size":6.345235347747803,"orthographic":false}