{"cameraMode":{"drawMode":0,"name":"Shaded","section":"Shading Mode"},"sceneLighting":false,"audioPlay":false,"sceneViewState":{"showFog":true,"showMaterialUpdate":false,"showSkybox":false,"showFlares":true,"showImageEffects":true,"showParticleSystems":true},"in2DMode":false,"pivot":{"x":8.375959396362305,"y":5.564456939697266,"z":-44.663536071777347},"rotation":{"x":0.04676710069179535,"y":0.7885981202125549,"z":-0.060445722192525867,"w":0.6101416945457459},"size":1.8452343940734864,"orthographic":false}