{"cameraMode":{"drawMode":0,"name":"Shaded","section":"Shading Mode"},"sceneLighting":true,"audioPlay":false,"sceneViewState":{"showFog":true,"showMaterialUpdate":false,"showSkybox":true,"showFlares":true,"showImageEffects":true,"showParticleSystems":true},"in2DMode":false,"pivot":{"x":6.7866926193237309,"y":6.6070876121521,"z":23.424278259277345},"rotation":{"x":0.3602920174598694,"y":0.19515357911586762,"z":-0.07735906541347504,"w":0.9089124798774719},"size":13.62343978881836,"orthographic":false}