{"cameraMode":{"drawMode":0,"name":"Shaded","section":"Shading Mode"},"sceneLighting":true,"audioPlay":false,"sceneViewState":{"showFog":true,"showMaterialUpdate":false,"showSkybox":true,"showFlares":true,"showImageEffects":true,"showParticleSystems":true},"in2DMode":false,"pivot":{"x":13.194463729858399,"y":10.201051712036133,"z":-53.743560791015628},"rotation":{"x":0.004259385634213686,"y":0.9775470495223999,"z":-0.019950587302446367,"w":0.2104748636484146},"size":12.883978843688965,"orthographic":false}