{"cameraMode":{"drawMode":0,"name":"Shaded","section":"Shading Mode"},"sceneLighting":false,"audioPlay":false,"sceneViewState":{"showFog":true,"showMaterialUpdate":false,"showSkybox":false,"showFlares":true,"showImageEffects":true,"showParticleSystems":true},"in2DMode":false,"pivot":{"x":5.841308116912842,"y":0.8766921758651733,"z":9.981890678405762},"rotation":{"x":0.2786492109298706,"y":0.6759755611419678,"z":-0.309933066368103,"w":0.607743501663208},"size":36.69620895385742,"orthographic":true}