{"cameraMode":{"drawMode":0,"name":"Shaded","section":"Shading Mode"},"sceneLighting":false,"audioPlay":false,"sceneViewState":{"showFog":true,"showMaterialUpdate":false,"showSkybox":false,"showFlares":true,"showImageEffects":true,"showParticleSystems":true},"in2DMode":false,"pivot":{"x":-1.1920928955078126e-7,"y":0.8643996119499207,"z":-0.0655137300491333},"rotation":{"x":0.0942620262503624,"y":0.9051116108894348,"z":-0.2749321162700653,"w":0.310323029756546},"size":4.7222514152526859,"orthographic":false}