{"cameraMode":{"drawMode":0,"name":"Shaded","section":"Shading Mode"},"sceneLighting":false,"audioPlay":false,"sceneViewState":{"showFog":true,"showMaterialUpdate":false,"showSkybox":false,"showFlares":true,"showImageEffects":true,"showParticleSystems":true},"in2DMode":false,"pivot":{"x":0.5000000596046448,"y":0.5000000596046448,"z":0.5},"rotation":{"x":0.06487222015857697,"y":0.369552344083786,"z":-0.025872809812426568,"w":0.926582396030426},"size":2.857883930206299,"orthographic":true}