{"cameraMode":{"drawMode":0,"name":"Shaded","section":"Shading Mode"},"sceneLighting":false,"audioPlay":false,"sceneViewState":{"showFog":true,"showMaterialUpdate":false,"showSkybox":false,"showFlares":true,"showImageEffects":true,"showParticleSystems":true},"in2DMode":false,"pivot":{"x":0.22350861132144929,"y":2.3461899757385256,"z":0.6156821250915527},"rotation":{"x":-0.0004308859643060714,"y":-0.991413414478302,"z":-0.13072603940963746,"w":0.0032679238356649877},"size":2.8971755504608156,"orthographic":false}