{"cameraMode":{"drawMode":0,"name":"Shaded","section":"Shading Mode"},"sceneLighting":false,"audioPlay":false,"sceneViewState":{"showFog":true,"showMaterialUpdate":false,"showSkybox":false,"showFlares":true,"showImageEffects":true,"showParticleSystems":true},"in2DMode":false,"pivot":{"x":2.078596591949463,"y":2.0449447631835939,"z":-0.28522157669067385},"rotation":{"x":-0.0481056310236454,"y":-0.8791384696960449,"z":0.09077498316764832,"w":-0.465711772441864},"size":7.691461086273193,"orthographic":false}