{"cameraMode":{"drawMode":0,"name":"Shaded","section":"Shading Mode"},"sceneLighting":false,"audioPlay":false,"sceneViewState":{"showFog":true,"showMaterialUpdate":false,"showSkybox":false,"showFlares":true,"showImageEffects":true,"showParticleSystems":true},"in2DMode":false,"pivot":{"x":-0.3359317481517792,"y":0.07977023720741272,"z":-0.21983441710472108},"rotation":{"x":0.0023471179883927109,"y":0.9975978136062622,"z":-0.05392272025346756,"w":0.04342290759086609},"size":2.13935923576355,"orthographic":false}