{"cameraMode":{"drawMode":0,"name":"Shaded","section":"Shading Mode"},"sceneLighting":false,"audioPlay":false,"sceneViewState":{"showFog":true,"showMaterialUpdate":false,"showSkybox":false,"showFlares":true,"showImageEffects":true,"showParticleSystems":true},"in2DMode":false,"pivot":{"x":-4.44384765625,"y":3.436279296875,"z":5.6953125},"rotation":{"x":0.0015516752609983087,"y":0.9918873906135559,"z":-0.1265488713979721,"w":0.012196592055261135},"size":11.117732048034668,"orthographic":true}