{"cameraMode":{"drawMode":0,"name":"Shaded","section":"Shading Mode"},"sceneLighting":true,"audioPlay":false,"sceneViewState":{"showFog":true,"showMaterialUpdate":false,"showSkybox":true,"showFlares":true,"showImageEffects":true,"showParticleSystems":true},"in2DMode":false,"pivot":{"x":-3.261408805847168,"y":18.655941009521486,"z":-84.33329772949219},"rotation":{"x":0.06412412971258164,"y":-0.32607948780059817,"z":-0.02283797599375248,"w":-0.9431804418563843},"size":22.0,"orthographic":false}