{"cameraMode":{"drawMode":0,"name":"Shaded","section":"Shading Mode"},"sceneLighting":false,"audioPlay":false,"sceneViewState":{"showFog":true,"showMaterialUpdate":false,"showSkybox":false,"showFlares":true,"showImageEffects":true,"showParticleSystems":true},"in2DMode":false,"pivot":{"x":8.188645362854004,"y":5.006706237792969,"z":-44.29525375366211},"rotation":{"x":-0.0880061686038971,"y":0.9012982249259949,"z":-0.21799445152282716,"w":-0.36386165022850039},"size":5.472431182861328,"orthographic":false}